INSERT INTO shows (name, description) VALUES ("cuentame", "cuentame");

INSERT INTO seasons (season_num, description, show_id) VALUES (1, "Temporada uno", 1);
INSERT INTO seasons (season_num, description, show_id) VALUES (2, "Temporada dos", 1);
INSERT INTO seasons (season_num, description, show_id) VALUES (3, "Temporada tres", 1);

INSERT INTO episodes (episode_num, title, summary, season_id) VALUES (1, "El regreso del fugitivo", "Primer episodio", 1);
INSERT INTO episodes (episode_num, title, summary, season_id) VALUES (2, "Un cielo lleno de futbolines", "Segundo episodio", 1);
INSERT INTO episodes (episode_num, title, summary, season_id) VALUES (3, "A lo lejos el mar", "Tercer episodio", 1);
INSERT INTO episodes (episode_num, title, summary, season_id) VALUES (4, "Las invasoras", "Cuarto episodio", 1);
INSERT INTO episodes (episode_num, title, summary, season_id) VALUES (5, "Paz, amor y fantasía", "Quinto episodio", 1);
INSERT INTO episodes (episode_num, title, summary, season_id) VALUES (6, "El día de la raza", "Sexto episodio", 1);
INSERT INTO episodes (episode_num, title, summary, season_id) VALUES (7, "Amistades peligrosas", "Séptimo episodio", 1);
INSERT INTO episodes (episode_num, title, summary, season_id) VALUES (8, "Las mejores huelgas de nuestra vida", "Octavo episodio", 1);
INSERT INTO episodes (episode_num, title, summary, season_id) VALUES (9, "Non plus ultra", "Noveno episodio", 1);
INSERT INTO episodes (episode_num, title, summary, season_id) VALUES (10, "Un hombre sin corazón", "Décimo episodio", 1);
INSERT INTO episodes (episode_num, title, summary, season_id) VALUES (11, "Educación y mundología", "Undécimo episodio", 1);
INSERT INTO episodes (episode_num, title, summary, season_id) VALUES (12, "Un día es un día", "Duodécimo episodio", 1);
INSERT INTO episodes (episode_num, title, summary, season_id) VALUES (13, "Una nochebuena con... Esperanza", "Décimo tercer episodio", 1);
INSERT INTO episodes (episode_num, title, summary, season_id) VALUES (14, "Noche de reyes", "Décimo cuarto episodio", 1);
INSERT INTO episodes (episode_num, title, summary, season_id) VALUES (15, "Pretérito imperfecto", "Décimo quinto episodio", 1);
INSERT INTO episodes (episode_num, title, summary, season_id) VALUES (16, "Entre beso y beso... terremoto", "Décimo sexto episodio", 1);
INSERT INTO episodes (episode_num, title, summary, season_id) VALUES (17, "Cada cuál en su sitio", "Décimo séptimo episodio", 1);
INSERT INTO episodes (episode_num, title, summary, season_id) VALUES (18, "Fish and Chips", "Décimo octavo episodio", 1);
INSERT INTO episodes (episode_num, title, summary, season_id) VALUES (19, "La voz del barrio", "Décimo noveno episodio", 1);
INSERT INTO episodes (episode_num, title, summary, season_id) VALUES (20, "Saetas y torrijas", "Vigésimo episodio", 1);
INSERT INTO episodes (episode_num, title, summary, season_id) VALUES (21, "Secretos y mentiras", "Vigésimo primer episodio", 1);
INSERT INTO episodes (episode_num, title, summary, season_id) VALUES (22, "Montescos y Capuletos", "Vigésimo segundo episodio", 1);
INSERT INTO episodes (episode_num, title, summary, season_id) VALUES (23, "Madre no hay más que muchas", "Vigésimo tercer episodio", 1);
INSERT INTO episodes (episode_num, title, summary, season_id) VALUES (24, "Una larga espera", "Vigésimo cuarto episodio", 1);
INSERT INTO episodes (episode_num, title, summary, season_id) VALUES (25, "Amor y toros", "Vigésimo quinto episodio", 1);
INSERT INTO episodes (episode_num, title, summary, season_id) VALUES (26, "Tiempo de capones y porrazos", "Vigésimo sexto episodio", 1);
INSERT INTO episodes (episode_num, title, summary, season_id) VALUES (27, "Nuevos horizontes", "Vigésimo séptimo episodio", 1);
INSERT INTO episodes (episode_num, title, summary, season_id) VALUES (28, "La primavera de la matriarca", "Vigésimo octavo episodio", 1);
INSERT INTO episodes (episode_num, title, summary, season_id) VALUES (29, "Eros, pelos y celos", "Vigésimo noveno episodio", 1);
INSERT INTO episodes (episode_num, title, summary, season_id) VALUES (30, "La guerra del fin del mundo", "Trigésimo episodio", 1);
INSERT INTO episodes (episode_num, title, summary, season_id) VALUES (31, "Qué luna la de aquel día", "Trigésimo primer episodio", 1);
INSERT INTO episodes (episode_num, title, summary, season_id) VALUES (32, "A la orilla de los sueños", "Trigésimo segundo episodio", 1);
INSERT INTO episodes (episode_num, title, summary, season_id) VALUES (33, "Háblame de ti", "Trigésimo tercer episodio", 1);

INSERT INTO episodes (episode_num, title, summary, season_id) VALUES (1, "Dos trompas y un destino", "Primer episodio", 2);
INSERT INTO episodes (episode_num, title, summary, season_id) VALUES (2, "De aquí a la maternidad", "Segundo episodio", 2);
INSERT INTO episodes (episode_num, title, summary, season_id) VALUES (3, "B-1 Hundido", "Tercer episodio", 2);
INSERT INTO episodes (episode_num, title, summary, season_id) VALUES (4, "La mamá política", "Cuarto episodio", 2);
INSERT INTO episodes (episode_num, title, summary, season_id) VALUES (5, "Con la frente marchita", "Quinto episodio", 2);
INSERT INTO episodes (episode_num, title, summary, season_id) VALUES (6, "Los caudillos también se rascan", "Sexto episodio", 2);
INSERT INTO episodes (episode_num, title, summary, season_id) VALUES (7, "Primeras tardes con Teresa", "Séptimo episodio", 2);
INSERT INTO episodes (episode_num, title, summary, season_id) VALUES (8, "Arriba el telón", "Octavo episodio", 2);
INSERT INTO episodes (episode_num, title, summary, season_id) VALUES (9, "Secretos y ocultaciones", "Noveno episodio", 2);
INSERT INTO episodes (episode_num, title, summary, season_id) VALUES (10, "El veneno del teatro", "Décimo episodio", 2);
INSERT INTO episodes (episode_num, title, summary, season_id) VALUES (11, "Días de lluvia", "Undécimo episodio", 2);
INSERT INTO episodes (episode_num, title, summary, season_id) VALUES (12, "La verdad al desnudo", "Duodécimo episodio", 2);
INSERT INTO episodes (episode_num, title, summary, season_id) VALUES (13, "Mutilado y caballero", "Décimo tercer episodio", 2);
INSERT INTO episodes (episode_num, title, summary, season_id) VALUES (14, "Atado y bien atado", "Décimo cuarto episodio", 2);

INSERT INTO episodes (episode_num, title, summary, season_id) VALUES (1, "A las puertas del Edén", "Primer episodio", 3);
INSERT INTO episodes (episode_num, title, summary, season_id) VALUES (2, "París, ¡Oh la la!", "Segundo episodio", 3);
INSERT INTO episodes (episode_num, title, summary, season_id) VALUES (3, "Arde París", "Tercer episodio", 3);
INSERT INTO episodes (episode_num, title, summary, season_id) VALUES (4, "La larga noche del maletín", "Cuarto episodio", 3);
INSERT INTO episodes (episode_num, title, summary, season_id) VALUES (5, "Área de castigo", "Quinto episodio", 3);
INSERT INTO episodes (episode_num, title, summary, season_id) VALUES (6, "Si quiero, no quiero", "Sexto episodio", 3);
INSERT INTO episodes (episode_num, title, summary, season_id) VALUES (7, "Crónicas de un pueblo", "Séptimo episodio", 3);
INSERT INTO episodes (episode_num, title, summary, season_id) VALUES (8, "Muerte natural", "Octavo episodio", 3);
INSERT INTO episodes (episode_num, title, summary, season_id) VALUES (9, "Días de luto", "Noveno episodio", 3);
INSERT INTO episodes (episode_num, title, summary, season_id) VALUES (10, "La primera piedra", "Décimo episodio", 3);
INSERT INTO episodes (episode_num, title, summary, season_id) VALUES (11, "Los camaradas", "Undécimo episodio", 3);
INSERT INTO episodes (episode_num, title, summary, season_id) VALUES (12, "Mar gruesa", "Duodécimo episodio", 3);
INSERT INTO episodes (episode_num, title, summary, season_id) VALUES (13, "Tocando fondo", "Décimo tercer episodio", 3);

INSERT INTO characters (name, description, gender, nationality, age) VALUES ("Mercédez Fernández", "Descripción", "Femenino", "Española", 56);
INSERT INTO characters (name, description, gender, nationality, age) VALUES ("Antonio Alcántara", "Descripción", "Masculino", "Española", 62);
INSERT INTO characters (name, description, gender, nationality, age) VALUES ("Herminia López", "Descripción", "Femenino", "Española", 75);
INSERT INTO characters (name, description, gender, nationality, age) VALUES ("Inés Alcántara", "Descripción", "Femenino", "Española", 31);
INSERT INTO characters (name, description, gender, nationality, age) VALUES ("Toni Alcántara", "Descripción", "Masculino", "Española", 28);
INSERT INTO characters (name, description, gender, nationality, age) VALUES ("Carlos 'Carlitos' Alcántara", "Descripción", "Masculino", "Española", 26);
INSERT INTO characters (name, description, gender, nationality, age) VALUES ("Carlos Alcántara", "Descripción", "Masculino", "Española", 60);
INSERT INTO characters (name, description, gender, nationality, age) VALUES ("Karina Saavedra", "Descripción", "Femenino", "Española", 29);
INSERT INTO characters (name, description, gender, nationality, age) VALUES ("Valentina Rojas", "Descripción", "Femenino", "Española", 68);
INSERT INTO characters (name, description, gender, nationality, age) VALUES ("Juana Andrade", "Descripción", "Femenino", "Española", 27);
INSERT INTO characters (name, description, gender, nationality, age) VALUES ("Don Froilán", "Descripción", "Masculino", "Española", 59);
INSERT INTO characters (name, description, gender, nationality, age) VALUES ("Ramón", "Descripción", "Masculino", "Española", 70);
INSERT INTO characters (name, description, gender, nationality, age) VALUES ("Josete", "Descripción", "Masculino", "Española", 25);
INSERT INTO characters (name, description, gender, nationality, age) VALUES ("Paquita", "Descripción", "Femenino", "Española", 27);
INSERT INTO characters (name, description, gender, nationality, age) VALUES ("Luis", "Descripción", "Masculino", "Española", 29);

INSERT INTO actors (name, birth_date, nationality, gender, birth_location, character_id) VALUES ("Ana Duato", "1968-06-18", "Española", "Femenino", "Valencia", 1);
INSERT INTO actors (name, birth_date, nationality, gender, birth_location, character_id) VALUES ("María Bernadeau", "2004-03-07", "Española", "Femenino", "Madrid", 1);
INSERT INTO actors (name, birth_date, nationality, gender, birth_location, character_id) VALUES ("Imanol Arias", "1956-04-26", "Española", "Masculino", "Riaño", 2);
INSERT INTO actors (name, birth_date, nationality, gender, birth_location, character_id) VALUES ("María Galiana", "1935-05-31", "Española", "Femenino", "Sevilla", 3);
INSERT INTO actors (name, birth_date, nationality, gender, birth_location, character_id) VALUES ("Pilar Punzano", "1980-02-15", "Española", "Femenino", "Madrid", 4);
INSERT INTO actors (name, birth_date, nationality, gender, birth_location, character_id) VALUES ("Irene Visedo", "1978-06-16", "Española", "Femenino", "Madrid", 4);
INSERT INTO actors (name, birth_date, nationality, gender, birth_location, character_id) VALUES ("Pablo Alcántara", "1980-10-11", "Española", "Masculino", "Madrid", 5);
INSERT INTO actors (name, birth_date, nationality, gender, birth_location, character_id) VALUES ("Ricardo Gómez", "1994-02-25", "Española", "Masculino", "Madrid", 6);
INSERT INTO actors (name, birth_date, nationality, gender, birth_location, character_id) VALUES ("Carlos Hipólito", "1956-11-30", "Española", "Masculino", "Madrid", 7);
INSERT INTO actors (name, birth_date, nationality, gender, birth_location, character_id) VALUES ("Elena Rivera", "1992-08-29", "Española", "Femenino", "Zaragoza", 8);
INSERT INTO actors (name, birth_date, nationality, gender, birth_location, character_id) VALUES ("Alicia Hermida", "1932-09-26", "Española", "Femenino", "Madrid", 9);
INSERT INTO actors (name, birth_date, nationality, gender, birth_location, character_id) VALUES ("Cristina Alcázar", "1978-09-17", "Española", "Femenino", "Elche", 10);
INSERT INTO actors (name, birth_date, nationality, gender, birth_location, character_id) VALUES ("Antonio Canal", "1956-03-10", "Española", "Masculino", "Barcelona", 11);
INSERT INTO actors (name, birth_date, nationality, gender, birth_location, character_id) VALUES ("Manolo Cal", "1948-03-05", "Española", "Masculino", "Madrid", 12);
INSERT INTO actors (name, birth_date, nationality, gender, birth_location, character_id) VALUES ("Santi Crespo", "1993-07-21", "Española", "Masculino", "Madrid", 13);
INSERT INTO actors (name, birth_date, nationality, gender, birth_location, character_id) VALUES ("Ana Arias", "1982-10-18", "Española", "Femenino", "Madrid", 14);
INSERT INTO actors (name, birth_date, nationality, gender, birth_location, character_id) VALUES ("Manuel Dios", "1990-05-24", "Española", "Masculino", "Madrid", 15);

INSERT INTO episode_character (episode_id, character_id) VALUES (1, 5);
INSERT INTO episode_character (episode_id, character_id) VALUES (1, 3);
INSERT INTO episode_character (episode_id, character_id) VALUES (1, 12);
INSERT INTO episode_character (episode_id, character_id) VALUES (1, 9);
INSERT INTO episode_character (episode_id, character_id) VALUES (2, 7);
INSERT INTO episode_character (episode_id, character_id) VALUES (2, 2);
INSERT INTO episode_character (episode_id, character_id) VALUES (2, 8);
INSERT INTO episode_character (episode_id, character_id) VALUES (2, 15);
INSERT INTO episode_character (episode_id, character_id) VALUES (2, 13);
INSERT INTO episode_character (episode_id, character_id) VALUES (3, 10);
INSERT INTO episode_character (episode_id, character_id) VALUES (3, 1);
INSERT INTO episode_character (episode_id, character_id) VALUES (3, 4);
INSERT INTO episode_character (episode_id, character_id) VALUES (3, 11);
INSERT INTO episode_character (episode_id, character_id) VALUES (3, 15);
INSERT INTO episode_character (episode_id, character_id) VALUES (3, 6);
INSERT INTO episode_character (episode_id, character_id) VALUES (4, 14);
INSERT INTO episode_character (episode_id, character_id) VALUES (4, 3);
INSERT INTO episode_character (episode_id, character_id) VALUES (4, 9);
INSERT INTO episode_character (episode_id, character_id) VALUES (4, 12);
INSERT INTO episode_character (episode_id, character_id) VALUES (4, 5);
INSERT INTO episode_character (episode_id, character_id) VALUES (5, 8);
INSERT INTO episode_character (episode_id, character_id) VALUES (5, 14);
INSERT INTO episode_character (episode_id, character_id) VALUES (5, 7);
INSERT INTO episode_character (episode_id, character_id) VALUES (6, 4);
INSERT INTO episode_character (episode_id, character_id) VALUES (6, 2);
INSERT INTO episode_character (episode_id, character_id) VALUES (6, 6);
INSERT INTO episode_character (episode_id, character_id) VALUES (6, 13);
INSERT INTO episode_character (episode_id, character_id) VALUES (6, 1);
INSERT INTO episode_character (episode_id, character_id) VALUES (7, 11);
INSERT INTO episode_character (episode_id, character_id) VALUES (7, 10);
INSERT INTO episode_character (episode_id, character_id) VALUES (7, 12);
INSERT INTO episode_character (episode_id, character_id) VALUES (8, 13);
INSERT INTO episode_character (episode_id, character_id) VALUES (8, 9);
INSERT INTO episode_character (episode_id, character_id) VALUES (8, 8);
INSERT INTO episode_character (episode_id, character_id) VALUES (8, 5);
INSERT INTO episode_character (episode_id, character_id) VALUES (8, 2);
INSERT INTO episode_character (episode_id, character_id) VALUES (9, 6);
INSERT INTO episode_character (episode_id, character_id) VALUES (9, 3);
INSERT INTO episode_character (episode_id, character_id) VALUES (9, 12);
INSERT INTO episode_character (episode_id, character_id) VALUES (9, 9);
INSERT INTO episode_character (episode_id, character_id) VALUES (9, 8);
INSERT INTO episode_character (episode_id, character_id) VALUES (9, 1);
INSERT INTO episode_character (episode_id, character_id) VALUES (10, 2);
INSERT INTO episode_character (episode_id, character_id) VALUES (10, 12);
INSERT INTO episode_character (episode_id, character_id) VALUES (10, 4);
INSERT INTO episode_character (episode_id, character_id) VALUES (10, 7);
INSERT INTO episode_character (episode_id, character_id) VALUES (11, 8);
INSERT INTO episode_character (episode_id, character_id) VALUES (11, 9);
INSERT INTO episode_character (episode_id, character_id) VALUES (11, 1);
INSERT INTO episode_character (episode_id, character_id) VALUES (11, 11);
INSERT INTO episode_character (episode_id, character_id) VALUES (11, 14);
INSERT INTO episode_character (episode_id, character_id) VALUES (12, 15);
INSERT INTO episode_character (episode_id, character_id) VALUES (12, 13);
INSERT INTO episode_character (episode_id, character_id) VALUES (12, 6);
INSERT INTO episode_character (episode_id, character_id) VALUES (12, 3);
INSERT INTO episode_character (episode_id, character_id) VALUES (13, 2);
INSERT INTO episode_character (episode_id, character_id) VALUES (13, 8);
INSERT INTO episode_character (episode_id, character_id) VALUES (13, 3);
INSERT INTO episode_character (episode_id, character_id) VALUES (13, 12);
INSERT INTO episode_character (episode_id, character_id) VALUES (14, 11);
INSERT INTO episode_character (episode_id, character_id) VALUES (14, 9);
INSERT INTO episode_character (episode_id, character_id) VALUES (14, 8);
INSERT INTO episode_character (episode_id, character_id) VALUES (15, 4);
INSERT INTO episode_character (episode_id, character_id) VALUES (15, 2);
INSERT INTO episode_character (episode_id, character_id) VALUES (15, 14);
INSERT INTO episode_character (episode_id, character_id) VALUES (15, 10);
INSERT INTO episode_character (episode_id, character_id) VALUES (15, 9);
INSERT INTO episode_character (episode_id, character_id) VALUES (16, 6);
INSERT INTO episode_character (episode_id, character_id) VALUES (16, 3);
INSERT INTO episode_character (episode_id, character_id) VALUES (16, 2);
INSERT INTO episode_character (episode_id, character_id) VALUES (17, 10);
INSERT INTO episode_character (episode_id, character_id) VALUES (17, 8);
INSERT INTO episode_character (episode_id, character_id) VALUES (17, 12);
INSERT INTO episode_character (episode_id, character_id) VALUES (18, 11);
INSERT INTO episode_character (episode_id, character_id) VALUES (18, 14);
INSERT INTO episode_character (episode_id, character_id) VALUES (18, 7);
INSERT INTO episode_character (episode_id, character_id) VALUES (18, 4);
INSERT INTO episode_character (episode_id, character_id) VALUES (18, 2);
INSERT INTO episode_character (episode_id, character_id) VALUES (19, 1);
INSERT INTO episode_character (episode_id, character_id) VALUES (19, 6);
INSERT INTO episode_character (episode_id, character_id) VALUES (19, 9);
INSERT INTO episode_character (episode_id, character_id) VALUES (19, 12);
INSERT INTO episode_character (episode_id, character_id) VALUES (20, 4);
INSERT INTO episode_character (episode_id, character_id) VALUES (20, 15);
INSERT INTO episode_character (episode_id, character_id) VALUES (20, 14);
INSERT INTO episode_character (episode_id, character_id) VALUES (20, 11);
INSERT INTO episode_character (episode_id, character_id) VALUES (21, 1);
INSERT INTO episode_character (episode_id, character_id) VALUES (21, 3);
INSERT INTO episode_character (episode_id, character_id) VALUES (21, 8);
INSERT INTO episode_character (episode_id, character_id) VALUES (22, 4);
INSERT INTO episode_character (episode_id, character_id) VALUES (22, 9);
INSERT INTO episode_character (episode_id, character_id) VALUES (22, 1);
INSERT INTO episode_character (episode_id, character_id) VALUES (22, 6);
INSERT INTO episode_character (episode_id, character_id) VALUES (22, 8);
INSERT INTO episode_character (episode_id, character_id) VALUES (23, 2);
INSERT INTO episode_character (episode_id, character_id) VALUES (23, 14);
INSERT INTO episode_character (episode_id, character_id) VALUES (23, 11);
INSERT INTO episode_character (episode_id, character_id) VALUES (24, 10);
INSERT INTO episode_character (episode_id, character_id) VALUES (24, 13);
INSERT INTO episode_character (episode_id, character_id) VALUES (24, 12);
INSERT INTO episode_character (episode_id, character_id) VALUES (24, 7);
INSERT INTO episode_character (episode_id, character_id) VALUES (25, 2);
INSERT INTO episode_character (episode_id, character_id) VALUES (25, 5);
INSERT INTO episode_character (episode_id, character_id) VALUES (25, 6);
INSERT INTO episode_character (episode_id, character_id) VALUES (26, 9);
INSERT INTO episode_character (episode_id, character_id) VALUES (26, 11);
INSERT INTO episode_character (episode_id, character_id) VALUES (26, 12);
INSERT INTO episode_character (episode_id, character_id) VALUES (26, 4);
INSERT INTO episode_character (episode_id, character_id) VALUES (27, 2);
INSERT INTO episode_character (episode_id, character_id) VALUES (27, 3);
INSERT INTO episode_character (episode_id, character_id) VALUES (27, 8);
INSERT INTO episode_character (episode_id, character_id) VALUES (28, 3);
INSERT INTO episode_character (episode_id, character_id) VALUES (28, 7);
INSERT INTO episode_character (episode_id, character_id) VALUES (28, 9);
INSERT INTO episode_character (episode_id, character_id) VALUES (29, 12);
INSERT INTO episode_character (episode_id, character_id) VALUES (29, 14);
INSERT INTO episode_character (episode_id, character_id) VALUES (29, 3);
INSERT INTO episode_character (episode_id, character_id) VALUES (29, 5);
INSERT INTO episode_character (episode_id, character_id) VALUES (30, 4);
INSERT INTO episode_character (episode_id, character_id) VALUES (30, 7);
INSERT INTO episode_character (episode_id, character_id) VALUES (30, 9);
INSERT INTO episode_character (episode_id, character_id) VALUES (31, 12);
INSERT INTO episode_character (episode_id, character_id) VALUES (31, 2);
INSERT INTO episode_character (episode_id, character_id) VALUES (31, 14);
INSERT INTO episode_character (episode_id, character_id) VALUES (31, 13);
INSERT INTO episode_character (episode_id, character_id) VALUES (32, 4);
INSERT INTO episode_character (episode_id, character_id) VALUES (32, 8);
INSERT INTO episode_character (episode_id, character_id) VALUES (32, 10);
INSERT INTO episode_character (episode_id, character_id) VALUES (33, 11);
INSERT INTO episode_character (episode_id, character_id) VALUES (33, 3);
INSERT INTO episode_character (episode_id, character_id) VALUES (33, 2);
INSERT INTO episode_character (episode_id, character_id) VALUES (33, 1);
INSERT INTO episode_character (episode_id, character_id) VALUES (34, 7);
INSERT INTO episode_character (episode_id, character_id) VALUES (34, 9);
INSERT INTO episode_character (episode_id, character_id) VALUES (34, 3);
INSERT INTO episode_character (episode_id, character_id) VALUES (35, 5);
INSERT INTO episode_character (episode_id, character_id) VALUES (35, 8);
INSERT INTO episode_character (episode_id, character_id) VALUES (35, 2);
INSERT INTO episode_character (episode_id, character_id) VALUES (35, 4);
INSERT INTO episode_character (episode_id, character_id) VALUES (36, 3);
INSERT INTO episode_character (episode_id, character_id) VALUES (36, 8);
INSERT INTO episode_character (episode_id, character_id) VALUES (36, 2);
INSERT INTO episode_character (episode_id, character_id) VALUES (37, 1);
INSERT INTO episode_character (episode_id, character_id) VALUES (37, 8);
INSERT INTO episode_character (episode_id, character_id) VALUES (37, 9);
INSERT INTO episode_character (episode_id, character_id) VALUES (37, 12);
INSERT INTO episode_character (episode_id, character_id) VALUES (37, 11);
INSERT INTO episode_character (episode_id, character_id) VALUES (38, 12);
INSERT INTO episode_character (episode_id, character_id) VALUES (38, 11);
INSERT INTO episode_character (episode_id, character_id) VALUES (38, 10);
INSERT INTO episode_character (episode_id, character_id) VALUES (39, 4);
INSERT INTO episode_character (episode_id, character_id) VALUES (39, 5);
INSERT INTO episode_character (episode_id, character_id) VALUES (39, 9);
INSERT INTO episode_character (episode_id, character_id) VALUES (39, 2);
INSERT INTO episode_character (episode_id, character_id) VALUES (39, 1);
INSERT INTO episode_character (episode_id, character_id) VALUES (40, 4);
INSERT INTO episode_character (episode_id, character_id) VALUES (40, 3);
INSERT INTO episode_character (episode_id, character_id) VALUES (40, 12);
INSERT INTO episode_character (episode_id, character_id) VALUES (40, 11);
INSERT INTO episode_character (episode_id, character_id) VALUES (41, 9);
INSERT INTO episode_character (episode_id, character_id) VALUES (41, 4);
INSERT INTO episode_character (episode_id, character_id) VALUES (41, 2);
INSERT INTO episode_character (episode_id, character_id) VALUES (42, 10);
INSERT INTO episode_character (episode_id, character_id) VALUES (42, 11);
INSERT INTO episode_character (episode_id, character_id) VALUES (42, 4);
INSERT INTO episode_character (episode_id, character_id) VALUES (42, 12);
INSERT INTO episode_character (episode_id, character_id) VALUES (43, 6);
INSERT INTO episode_character (episode_id, character_id) VALUES (43, 14);
INSERT INTO episode_character (episode_id, character_id) VALUES (43, 3);
INSERT INTO episode_character (episode_id, character_id) VALUES (44, 2);
INSERT INTO episode_character (episode_id, character_id) VALUES (44, 6);
INSERT INTO episode_character (episode_id, character_id) VALUES (44, 5);
INSERT INTO episode_character (episode_id, character_id) VALUES (44, 3);
INSERT INTO episode_character (episode_id, character_id) VALUES (45, 12);
INSERT INTO episode_character (episode_id, character_id) VALUES (45, 4);
INSERT INTO episode_character (episode_id, character_id) VALUES (45, 7);
INSERT INTO episode_character (episode_id, character_id) VALUES (45, 1);
INSERT INTO episode_character (episode_id, character_id) VALUES (45, 4);
INSERT INTO episode_character (episode_id, character_id) VALUES (46, 15);
INSERT INTO episode_character (episode_id, character_id) VALUES (46, 14);
INSERT INTO episode_character (episode_id, character_id) VALUES (46, 3);
INSERT INTO episode_character (episode_id, character_id) VALUES (46, 4);
INSERT INTO episode_character (episode_id, character_id) VALUES (47, 7);
INSERT INTO episode_character (episode_id, character_id) VALUES (47, 3);
INSERT INTO episode_character (episode_id, character_id) VALUES (47, 6);
INSERT INTO episode_character (episode_id, character_id) VALUES (48, 3);
INSERT INTO episode_character (episode_id, character_id) VALUES (48, 6);
INSERT INTO episode_character (episode_id, character_id) VALUES (48, 8);
INSERT INTO episode_character (episode_id, character_id) VALUES (48, 12);
INSERT INTO episode_character (episode_id, character_id) VALUES (49, 3);
INSERT INTO episode_character (episode_id, character_id) VALUES (49, 11);
INSERT INTO episode_character (episode_id, character_id) VALUES (49, 8);
INSERT INTO episode_character (episode_id, character_id) VALUES (49, 10);
INSERT INTO episode_character (episode_id, character_id) VALUES (50, 5);
INSERT INTO episode_character (episode_id, character_id) VALUES (50, 7);
INSERT INTO episode_character (episode_id, character_id) VALUES (50, 2);
INSERT INTO episode_character (episode_id, character_id) VALUES (50, 12);
INSERT INTO episode_character (episode_id, character_id) VALUES (51, 14);
INSERT INTO episode_character (episode_id, character_id) VALUES (51, 6);
INSERT INTO episode_character (episode_id, character_id) VALUES (51, 11);
INSERT INTO episode_character (episode_id, character_id) VALUES (52, 12);
INSERT INTO episode_character (episode_id, character_id) VALUES (52, 7);
INSERT INTO episode_character (episode_id, character_id) VALUES (52, 6);
INSERT INTO episode_character (episode_id, character_id) VALUES (53, 5);
INSERT INTO episode_character (episode_id, character_id) VALUES (53, 4);
INSERT INTO episode_character (episode_id, character_id) VALUES (53, 11);
INSERT INTO episode_character (episode_id, character_id) VALUES (53, 12);
INSERT INTO episode_character (episode_id, character_id) VALUES (54, 12);
INSERT INTO episode_character (episode_id, character_id) VALUES (54, 13);
INSERT INTO episode_character (episode_id, character_id) VALUES (54, 15);
INSERT INTO episode_character (episode_id, character_id) VALUES (55, 14);
INSERT INTO episode_character (episode_id, character_id) VALUES (55, 7);
INSERT INTO episode_character (episode_id, character_id) VALUES (55, 9);
INSERT INTO episode_character (episode_id, character_id) VALUES (56, 10);
INSERT INTO episode_character (episode_id, character_id) VALUES (56, 6);
INSERT INTO episode_character (episode_id, character_id) VALUES (56, 7);
INSERT INTO episode_character (episode_id, character_id) VALUES (57, 11);
INSERT INTO episode_character (episode_id, character_id) VALUES (57, 6);
INSERT INTO episode_character (episode_id, character_id) VALUES (57, 3);
INSERT INTO episode_character (episode_id, character_id) VALUES (57, 8);
INSERT INTO episode_character (episode_id, character_id) VALUES (58, 2);
INSERT INTO episode_character (episode_id, character_id) VALUES (58, 10);
INSERT INTO episode_character (episode_id, character_id) VALUES (58, 11);
INSERT INTO episode_character (episode_id, character_id) VALUES (58, 6);
INSERT INTO episode_character (episode_id, character_id) VALUES (59, 2);
INSERT INTO episode_character (episode_id, character_id) VALUES (59, 6);
INSERT INTO episode_character (episode_id, character_id) VALUES (59, 8);
INSERT INTO episode_character (episode_id, character_id) VALUES (59, 2);
INSERT INTO episode_character (episode_id, character_id) VALUES (60, 10);
INSERT INTO episode_character (episode_id, character_id) VALUES (60, 12);
INSERT INTO episode_character (episode_id, character_id) VALUES (60, 4);
INSERT INTO episode_character (episode_id, character_id) VALUES (60, 3);

INSERT INTO users (email, password, role)
VALUES ('judith@gmail.com', '$2a$06$5jNY3ZlK8Dx4/XcyBnJ1iOIeEPcNy.fTrPIQpGBDUxX0qGvRzgXo6', 'ADMIN');

INSERT INTO comments (text, show_id)
VALUES ('hola', 1);

INSERT INTO reviews (rating, show_id)
VALUES (5, 1)

